sep=	
Culture:	en-US
Date pattern short:	M/d/yyyy
Time pattern long:	h:mm:ss tt
Decimal separator:	.
Software version:	1.2.1

File location:	C:\Users\Matthew_Sasaki\OneDrive - UMass Lowell\Lab Admin\Loligo_resp\Respiration Data\2026_02_08_32C_spallidus.csv
File creation time:	2/8/2026 1:24:20 PM
SDR name:	SDR-1397
Serial number	SEBX0009001397
MUX channel	ON - 03

PARAMETERS
Sig LED current	060
Ref LED current	062
Frequency	060
Sending interval	0000
Pulse lenght	06
Red REF comp.	ON
Temperature comp.	ON

FIRMWARE
ver.4.039.A3.ST	04/30/07, 09:14:36

SETTINGS
Barometric pressure [hPa]:	1013.25
Is air breather:	False
Salinity [‰]:	0.00
Temperature [°C]:	32.00
Set individual organisms per chamber:	False
Organisms per chamber:	1
Chamber volume [µL]:	500.00
Oxygen unit:	AirSaturation

TREATMENTS
ID	Name	Color
X	Not set	#000e0ebe
0	Blank	#ff000000
1	Centennial Park	#ff9bbb59
2	Ochsner Pond	#fff79646

CALIBRATION
Wells	A1	A2	A3	A4	A5	A6	B1	B2	B3	B4	B5	B6	C1	C2	C3	C4	C5	C6	D1	D2	D3	D4	D5	D6
Phase low [°]:	53.94	53.94	53.94	53.94	53.94	53.94	53.94	53.94	53.94	53.94	53.94	53.94	53.94	53.94	53.94	53.94	53.94	53.94	53.94	53.94	53.94	53.94	53.94	53.94
Phase high [°]:	46.67	46.67	46.67	46.67	46.67	46.67	46.67	46.67	46.67	46.67	46.67	46.67	46.67	46.67	46.67	46.67	46.67	46.67	46.67	46.67	46.67	46.67	46.67	46.67
Temp. low [°C]:	25.10	25.10	25.10	25.10	25.10	25.10	25.10	25.10	25.10	25.10	25.10	25.10	25.10	25.10	25.10	25.10	25.10	25.10	25.10	25.10	25.10	25.10	25.10	25.10
Temp. high [°C]:	25.10	25.10	25.10	25.10	25.10	25.10	25.10	25.10	25.10	25.10	25.10	25.10	25.10	25.10	25.10	25.10	25.10	25.10	25.10	25.10	25.10	25.10	25.10	25.10
Treatment ID	2	2	0	0	X	X	0	2	0	0	X	X	1	2	2	1	X	X	1	0	1	1	X	X
Normalization factor	1.0000	1.0000	1.0000	1.0000	1.0000	1.0000	1.0000	1.0000	1.0000	1.0000	1.0000	1.0000	1.0000	1.0000	1.0000	1.0000	1.0000	1.0000	1.0000	1.0000	1.0000	1.0000	1.0000	1.0000
Organisms	1	1	0	0	1	1	0	1	0	0	1	1	1	1	1	1	1	1	1	0	1	1	1	1


Date [DD-MM-YYYY]	Time [hh:mm:ss]	Time stamp	Relative time [hh:mm:ss]	A1 [Phase]	A2 [Phase]	A3 [Phase]	A4 [Phase]	A5 [Phase]	A6 [Phase]	B1 [Phase]	B2 [Phase]	B3 [Phase]	B4 [Phase]	B5 [Phase]	B6 [Phase]	C1 [Phase]	C2 [Phase]	C3 [Phase]	C4 [Phase]	C5 [Phase]	C6 [Phase]	D1 [Phase]	D2 [Phase]	D3 [Phase]	D4 [Phase]	D5 [Phase]	D6 [Phase]	A1 [Amplitude]	A2 [Amplitude]	A3 [Amplitude]	A4 [Amplitude]	A5 [Amplitude]	A6 [Amplitude]	B1 [Amplitude]	B2 [Amplitude]	B3 [Amplitude]	B4 [Amplitude]	B5 [Amplitude]	B6 [Amplitude]	C1 [Amplitude]	C2 [Amplitude]	C3 [Amplitude]	C4 [Amplitude]	C5 [Amplitude]	C6 [Amplitude]	D1 [Amplitude]	D2 [Amplitude]	D3 [Amplitude]	D4 [Amplitude]	D5 [Amplitude]	D6 [Amplitude]	A1 [Oxygen]	A2 [Oxygen]	A3 [Oxygen]	A4 [Oxygen]	A5 [Oxygen]	A6 [Oxygen]	B1 [Oxygen]	B2 [Oxygen]	B3 [Oxygen]	B4 [Oxygen]	B5 [Oxygen]	B6 [Oxygen]	C1 [Oxygen]	C2 [Oxygen]	C3 [Oxygen]	C4 [Oxygen]	C5 [Oxygen]	C6 [Oxygen]	D1 [Oxygen]	D2 [Oxygen]	D3 [Oxygen]	D4 [Oxygen]	D5 [Oxygen]	D6 [Oxygen]
2/8/2026	1:24:13 PM	134150486532813869	0:00:00	45.77	45.74	45.18	45.56	46.08	45.96	45.48	45.55	45.40	45.46	45.94	46.11	45.40	45.61	45.57	45.61	46.06	45.98	45.61	45.33	45.53	45.43	46.02	46.07	86037	80876	80766	84932	75670	75252	74720	81844	80977	82514	72214	71922	72745	76967	81538	77491	68972	62235	70194	70923	75733	71151	71870	62472	95.3	95.7	104.3	98.4	90.6	92.4	99.7	98.6	100.9	100.0	92.7	90.2	100.9	97.7	98.3	97.7	90.9	92.1	97.7	102.0	98.9	100.4	91.5	90.8
2/8/2026	1:24:43 PM	134150486832824018	0:00:30	45.78	45.74	45.17	45.56	46.09	45.97	45.48	45.55	45.38	45.46	45.94	46.10	45.41	45.60	45.57	45.61	46.04	45.98	45.62	45.33	45.53	45.43	46.03	46.06	86017	80899	80783	84966	75741	75317	74720	81980	81150	82559	72290	71956	72835	77145	81655	77590	69180	62391	70417	71076	75830	71162	72096	62613	95.1	95.7	104.4	98.4	90.5	92.3	99.7	98.6	101.2	100.0	92.7	90.3	100.7	97.8	98.3	97.7	91.2	92.1	97.5	102.0	98.9	100.4	91.4	90.9
2/8/2026	1:25:13 PM	134150487132830841	0:01:00	45.78	45.74	45.17	45.56	46.08	45.97	45.48	45.56	45.39	45.45	45.93	46.10	45.39	45.61	45.56	45.61	46.05	45.96	45.62	45.34	45.53	45.44	46.01	46.07	86003	80870	80670	84856	75639	75235	74672	81895	80864	82443	72064	71834	72705	76919	81622	77530	69002	62247	70371	71017	75786	71029	71783	62548	95.1	95.7	104.4	98.4	90.6	92.3	99.7	98.4	101.0	100.1	92.9	90.3	101.0	97.7	98.4	97.7	91.1	92.4	97.5	101.8	98.9	100.3	91.7	90.8
2/8/2026	1:25:43 PM	134150487432844075	0:01:30	45.78	45.75	45.16	45.56	46.08	45.96	45.48	45.56	45.38	45.46	45.93	46.10	45.41	45.62	45.57	45.63	46.05	45.96	45.63	45.34	45.53	45.44	46.02	46.07	85989	80893	80766	84870	75730	75173	74771	81912	80861	82454	72135	71834	72743	77020	81437	77562	68981	62311	70329	70894	75778	71086	71897	62496	95.1	95.6	104.6	98.4	90.6	92.4	99.7	98.4	101.2	100.0	92.9	90.3	100.7	97.5	98.3	97.4	91.1	92.4	97.4	101.8	98.9	100.3	91.5	90.8
2/8/2026	1:26:13 PM	134150487732843020	0:02:00	45.77	45.74	45.14	45.54	46.07	45.94	45.47	45.55	45.37	45.44	45.93	46.09	45.40	45.61	45.55	45.61	46.04	45.95	45.62	45.31	45.53	45.43	46.01	46.05	85972	80907	80795	84839	75497	75173	74734	81949	80873	82400	72067	71726	72692	76980	81541	77524	69041	62209	70368	71120	75864	71114	71842	62501	95.3	95.7	104.9	98.8	90.8	92.7	99.8	98.6	101.3	100.3	92.9	90.5	100.9	97.7	98.6	97.7	91.2	92.6	97.5	102.3	98.9	100.4	91.7	91.1
2/8/2026	1:26:43 PM	134150488032867692	0:02:30	45.77	45.74	45.14	45.54	46.06	45.95	45.46	45.56	45.37	45.44	45.92	46.09	45.40	45.61	45.55	45.61	46.03	45.95	45.61	45.32	45.53	45.44	46.00	46.05	85955	80814	80599	84833	75398	75108	74562	81832	80762	82347	72024	71826	72626	76951	81541	77396	68989	62117	70288	70773	75747	70942	71762	62231	95.3	95.7	104.9	98.8	90.9	92.6	100.0	98.4	101.3	100.3	93.0	90.5	100.9	97.7	98.6	97.7	91.4	92.6	97.7	102.1	98.9	100.3	91.8	91.1
2/8/2026	1:27:13 PM	134150488332868502	0:03:00	45.77	45.74	45.13	45.53	46.05	45.94	45.45	45.55	45.35	45.44	45.90	46.07	45.40	45.60	45.55	45.61	46.02	45.94	45.60	45.30	45.54	45.42	45.99	46.05	85955	80797	80628	84887	75559	75184	74712	82011	80785	82310	72053	71706	72738	76968	81465	77525	68965	62132	70298	70829	75741	71065	71724	62359	95.3	95.7	105.1	98.9	91.1	92.7	100.1	98.6	101.7	100.3	93.3	90.8	100.9	97.8	98.6	97.7	91.5	92.7	97.8	102.4	98.8	100.6	92.0	91.1
2/8/2026	1:27:43 PM	134150488632872820	0:03:30	45.77	45.75	45.11	45.53	46.04	45.93	45.45	45.55	45.34	45.42	45.90	46.06	45.38	45.60	45.54	45.61	46.01	45.94	45.59	45.29	45.52	45.42	45.98	46.04	85943	80624	80450	84819	75545	75383	74584	81804	80816	82205	72053	71774	72631	77066	81348	77463	69087	62173	70276	70757	75711	71015	71906	62319	95.3	95.6	105.4	98.9	91.2	92.9	100.1	98.6	101.8	100.6	93.3	90.9	101.2	97.8	98.8	97.7	91.7	92.7	98.0	102.6	99.1	100.6	92.1	91.2
2/8/2026	1:28:13 PM	134150488932870159	0:04:00	45.78	45.74	45.11	45.54	46.06	45.93	45.45	45.56	45.35	45.43	45.90	46.07	45.39	45.60	45.55	45.61	46.01	45.94	45.61	45.30	45.52	45.44	45.98	46.04	85935	80650	80469	84751	75565	75062	74573	81892	80661	82213	71970	71624	72663	76883	81423	77479	68841	62055	70126	70898	75702	70883	71638	62281	95.1	95.7	105.4	98.8	90.9	92.9	100.1	98.4	101.7	100.4	93.3	90.8	101.0	97.8	98.6	97.7	91.7	92.7	97.7	102.4	99.1	100.3	92.1	91.2
2/8/2026	1:28:43 PM	134150489232877836	0:04:30	45.79	45.74	45.12	45.55	46.06	45.95	45.45	45.58	45.36	45.44	45.91	46.07	45.41	45.63	45.55	45.62	46.02	45.95	45.63	45.31	45.54	45.45	46.00	46.04	85924	80655	80611	84805	75622	75167	74689	81815	80661	82219	72016	71721	72852	76902	81492	77369	68978	62069	70224	70687	75581	71011	71608	62324	95.0	95.7	105.2	98.6	90.9	92.6	100.1	98.1	101.5	100.3	93.2	90.8	100.7	97.4	98.6	97.5	91.5	92.6	97.4	102.3	98.8	100.1	91.8	91.2
2/8/2026	1:29:13 PM	134150489532869470	0:05:00	45.77	45.73	45.10	45.52	46.03	45.92	45.43	45.56	45.33	45.42	45.88	46.04	45.38	45.61	45.53	45.60	46.00	45.91	45.61	45.29	45.51	45.43	45.97	46.02	85915	80752	80597	84816	75418	75144	74618	81897	80678	82140	72016	71735	72692	76921	81303	77381	68990	62148	70216	70735	75703	71057	71646	62306	95.3	95.9	105.5	99.1	91.4	93.0	100.4	98.4	102.0	100.6	93.6	91.2	101.2	97.7	98.9	97.8	91.8	93.2	97.7	102.6	99.2	100.4	92.3	91.5
2/8/2026	1:29:43 PM	134150489832878862	0:05:30	45.78	45.75	45.11	45.52	46.04	45.92	45.43	45.56	45.33	45.41	45.88	46.05	45.38	45.62	45.55	45.60	45.99	45.91	45.61	45.29	45.52	45.43	45.96	46.01	85896	80653	80481	84740	75520	75091	74494	81829	80610	82233	71905	71681	72649	76887	81331	77398	68980	61979	70298	70792	75581	70940	71639	62360	95.1	95.6	105.4	99.1	91.2	93.0	100.4	98.4	102.0	100.7	93.6	91.1	101.2	97.5	98.6	97.8	92.0	93.2	97.7	102.6	99.1	100.4	92.4	91.7
2/8/2026	1:30:13 PM	134150490132873449	0:06:00	45.78	45.73	45.09	45.53	46.03	45.91	45.43	45.56	45.34	45.41	45.88	46.05	45.39	45.61	45.55	45.61	45.99	45.92	45.62	45.28	45.53	45.42	45.96	46.02	85910	80718	80523	84881	75511	75167	74638	81778	80731	82267	71990	71780	72741	77065	81367	77447	68931	62128	70407	70837	75664	70973	71685	62247	95.1	95.9	105.7	98.9	91.4	93.2	100.4	98.4	101.8	100.7	93.6	91.1	101.0	97.7	98.6	97.7	92.0	93.0	97.5	102.7	98.9	100.6	92.4	91.5
2/8/2026	1:30:43 PM	134150490432882677	0:06:30	45.77	45.73	45.09	45.52	46.03	45.91	45.43	45.56	45.32	45.41	45.87	46.04	45.38	45.62	45.55	45.60	45.98	45.91	45.62	45.27	45.53	45.42	45.96	46.01	85895	80585	80421	84782	75489	75057	74502	81824	80837	82157	71988	71658	72675	76936	81386	77347	68894	61988	70141	70634	75628	70885	71637	62295	95.3	95.9	105.7	99.1	91.4	93.2	100.4	98.4	102.1	100.7	93.8	91.2	101.2	97.5	98.6	97.8	92.1	93.2	97.5	102.9	98.9	100.6	92.4	91.7
2/8/2026	1:31:13 PM	134150490732890960	0:07:00	45.78	45.74	45.08	45.52	46.03	45.90	45.43	45.56	45.32	45.41	45.87	46.04	45.40	45.60	45.56	45.61	45.97	45.91	45.62	45.28	45.53	45.42	45.94	46.00	85884	80707	80487	84912	75562	75238	74596	81872	80723	82188	72047	71729	73016	76905	81426	77564	68887	62077	70420	70746	75654	70890	71738	62342	95.1	95.7	105.8	99.1	91.4	93.3	100.4	98.4	102.1	100.7	93.8	91.2	100.9	97.8	98.4	97.7	92.3	93.2	97.5	102.7	98.9	100.6	92.7	91.8
2/8/2026	1:31:43 PM	134150491032907133	0:07:30	45.78	45.75	45.08	45.52	46.02	45.91	45.43	45.57	45.32	45.41	45.87	46.03	45.38	45.61	45.56	45.61	45.97	45.92	45.63	45.28	45.53	45.42	45.95	46.02	85870	80692	80512	84878	75517	75281	74607	81914	80547	82185	72013	71686	72666	76846	81412	77456	68884	62032	70321	70744	75640	71081	71669	62178	95.1	95.6	105.8	99.1	91.5	93.2	100.4	98.3	102.1	100.7	93.8	91.4	101.2	97.7	98.4	97.7	92.3	93.0	97.4	102.7	98.9	100.6	92.6	91.5
2/8/2026	1:32:13 PM	134150491332917479	0:08:00	45.78	45.76	45.08	45.53	46.04	45.92	45.43	45.59	45.33	45.42	45.88	46.04	45.40	45.63	45.58	45.62	45.98	45.91	45.62	45.29	45.54	45.43	45.96	46.02	85856	80656	80575	84878	75517	75224	74596	82073	80585	82194	71996	71672	72670	76950	81455	77365	68924	62052	70427	70766	75847	71022	71641	62289	95.1	95.4	105.8	98.9	91.2	93.0	100.4	98.0	102.0	100.6	93.6	91.2	100.9	97.4	98.1	97.5	92.1	93.2	97.5	102.6	98.8	100.4	92.4	91.5
2/8/2026	1:32:43 PM	134150491632912882	0:08:30	45.76	45.75	45.07	45.51	46.02	45.90	45.42	45.57	45.31	45.40	45.86	46.02	45.38	45.60	45.55	45.61	45.96	45.90	45.62	45.28	45.52	45.42	45.94	46.00	85847	80653	80504	84830	75608	75261	74607	81875	80675	82225	72044	71718	72824	76945	81474	77556	69017	62090	70295	70658	75617	71159	71681	62300	95.4	95.6	106.0	99.2	91.5	93.3	100.6	98.3	102.3	100.9	93.9	91.5	101.2	97.8	98.6	97.7	92.4	93.3	97.5	102.7	99.1	100.6	92.7	91.8
2/8/2026	1:33:13 PM	134150491932918806	0:09:00	45.77	45.75	45.07	45.52	46.03	45.90	45.43	45.58	45.32	45.42	45.87	46.02	45.40	45.61	45.55	45.62	45.97	45.90	45.63	45.28	45.53	45.43	45.95	46.01	85856	80599	80479	84711	75528	75235	74477	81852	80514	82250	71982	71616	72651	76801	81302	77314	68822	61918	70171	70746	75679	70992	71530	62126	95.3	95.6	106.0	99.1	91.4	93.3	100.4	98.1	102.1	100.6	93.8	91.5	100.9	97.7	98.6	97.5	92.3	93.3	97.4	102.7	98.9	100.4	92.6	91.7
2/8/2026	1:33:43 PM	134150492232917548	0:09:30	45.78	45.76	45.07	45.53	46.02	45.90	45.43	45.58	45.31	45.41	45.87	46.03	45.39	45.62	45.55	45.61	45.97	45.92	45.63	45.28	45.52	45.43	45.94	46.00	85842	80619	80479	84737	75613	74952	74372	81835	80491	82046	71843	71635	72659	76771	81328	77407	68813	61869	70230	70587	75729	70926	71592	62182	95.1	95.4	106.0	98.9	91.5	93.3	100.4	98.1	102.3	100.7	93.8	91.4	101.0	97.5	98.6	97.7	92.3	93.0	97.4	102.7	99.1	100.4	92.7	91.8
2/8/2026	1:34:13 PM	134150492532924002	0:10:00	45.79	45.76	45.07	45.54	46.02	45.91	45.43	45.59	45.32	45.41	45.86	46.02	45.40	45.62	45.55	45.60	45.97	45.91	45.64	45.29	45.53	45.43	45.95	46.00	85845	80667	80396	84584	75647	75014	74514	81835	80508	82035	71962	71630	72794	76860	81347	77466	68913	62031	70288	70576	75687	70869	71451	62196	95.0	95.4	106.0	98.8	91.5	93.2	100.4	98.0	102.1	100.7	93.9	91.5	100.9	97.5	98.6	97.8	92.3	93.2	97.2	102.6	98.9	100.4	92.6	91.8
2/8/2026	1:34:43 PM	134150492832927532	0:10:30	45.78	45.75	45.06	45.53	46.02	45.89	45.43	45.58	45.31	45.41	45.85	46.02	45.40	45.61	45.55	45.60	45.96	45.90	45.64	45.28	45.52	45.43	45.94	45.99	85850	80630	80326	84714	75608	75034	74431	81838	80556	82162	71900	71746	72643	76879	81466	77402	68774	61981	70338	70516	75679	70873	71657	62284	95.1	95.6	106.1	98.9	91.5	93.5	100.4	98.1	102.3	100.7	94.1	91.5	100.9	97.7	98.6	97.8	92.4	93.3	97.2	102.7	99.1	100.4	92.7	92.0
2/8/2026	1:35:13 PM	134150493132924358	0:11:00	45.78	45.74	45.05	45.52	46.02	45.89	45.42	45.58	45.30	45.40	45.85	46.00	45.39	45.60	45.54	45.60	45.96	45.89	45.64	45.28	45.52	45.42	45.93	45.98	85839	80608	80380	84626	75659	74921	74378	81860	80519	82049	71843	71514	72674	76765	81272	77607	68796	61888	70270	70722	75763	70861	71487	62164	95.1	95.7	106.3	99.1	91.5	93.5	100.6	98.1	102.4	100.9	94.1	91.8	101.0	97.8	98.8	97.8	92.4	93.5	97.2	102.7	99.1	100.6	92.9	92.1
2/8/2026	1:35:43 PM	134150493432919618	0:11:30	45.79	45.75	45.06	45.53	46.02	45.90	45.43	45.58	45.31	45.40	45.86	46.02	45.40	45.62	45.55	45.60	45.96	45.91	45.65	45.30	45.54	45.43	45.93	45.99	85828	80610	80430	84725	75653	74972	74528	81829	80587	82055	71903	71627	72727	76715	81468	77404	68866	61843	70250	70726	75695	71012	71577	62131	95.0	95.6	106.1	98.9	91.5	93.3	100.4	98.1	102.3	100.9	93.9	91.5	100.9	97.5	98.6	97.8	92.4	93.2	97.1	102.4	98.8	100.4	92.9	92.0
2/8/2026	1:36:13 PM	134150493732927989	0:12:00	45.79	45.75	45.05	45.53	46.02	45.89	45.42	45.59	45.31	45.41	45.84	46.00	45.39	45.61	45.54	45.61	45.95	45.91	45.65	45.28	45.52	45.43	45.93	45.98	85837	80616	80374	84731	75633	74995	74420	81892	80500	82026	71923	71664	72597	76791	81311	77414	68811	61880	70318	70545	75660	70896	71531	62036	95.0	95.6	106.3	98.9	91.5	93.5	100.6	98.0	102.3	100.7	94.2	91.8	101.0	97.7	98.8	97.7	92.6	93.2	97.1	102.7	99.1	100.4	92.9	92.1
2/8/2026	1:36:43 PM	134150494032930797	0:12:30	45.79	45.75	45.04	45.53	46.01	45.89	45.42	45.60	45.31	45.41	45.84	46.00	45.41	45.62	45.54	45.61	45.95	45.89	45.66	45.29	45.52	45.44	45.93	45.98	85842	80537	80462	84674	75588	74986	74392	81843	80392	81970	71857	71644	72648	76781	81231	77246	68792	61839	70277	70586	75553	71062	71457	62187	95.0	95.6	106.5	98.9	91.7	93.5	100.6	97.8	102.3	100.7	94.2	91.8	100.7	97.5	98.8	97.7	92.6	93.5	96.9	102.6	99.1	100.3	92.9	92.1
2/8/2026	1:37:13 PM	134150494332937121	0:13:00	45.80	45.76	45.05	45.54	46.01	45.90	45.43	45.61	45.32	45.41	45.86	46.01	45.40	45.62	45.54	45.62	45.95	45.90	45.66	45.29	45.54	45.45	45.92	45.99	85839	80514	80391	84646	75659	74958	74335	81790	80412	82029	71798	71661	72635	76749	81330	77372	68694	61816	70220	70583	75587	70974	71504	62150	94.8	95.4	106.3	98.8	91.7	93.3	100.4	97.7	102.1	100.7	93.9	91.7	100.9	97.5	98.8	97.5	92.6	93.3	96.9	102.6	98.8	100.1	93.0	92.0
2/8/2026	1:37:43 PM	134150494632929723	0:13:30	45.80	45.76	45.05	45.54	46.01	45.90	45.44	45.60	45.31	45.40	45.86	46.00	45.40	45.62	45.55	45.62	45.95	45.90	45.67	45.29	45.53	45.44	45.93	45.99	85842	80574	80329	84612	75636	74966	74358	81858	80383	82024	71761	71497	72618	76681	81303	77415	68696	61719	70207	70526	75674	70877	71522	62121	94.8	95.4	106.3	98.8	91.7	93.3	100.3	97.8	102.3	100.9	93.9	91.8	100.9	97.5	98.6	97.5	92.6	93.3	96.8	102.6	98.9	100.3	92.9	92.0
2/8/2026	1:38:13 PM	134150494932943796	0:14:00	45.80	45.76	45.05	45.54	46.02	45.90	45.44	45.60	45.32	45.41	45.86	46.01	45.41	45.63	45.56	45.63	45.95	45.89	45.68	45.30	45.54	45.46	45.93	45.99	85854	80545	80334	84680	75582	75003	74341	81807	80397	81950	71747	71548	72701	76722	81224	77290	68790	61781	70082	70478	75647	70907	71622	62039	94.8	95.4	106.3	98.8	91.5	93.3	100.3	97.8	102.1	100.7	93.9	91.7	100.7	97.4	98.4	97.4	92.6	93.5	96.6	102.4	98.8	100.0	92.9	92.0
2/8/2026	1:38:43 PM	134150495232941365	0:14:30	45.82	45.77	45.06	45.55	46.03	45.90	45.45	45.62	45.32	45.42	45.87	46.01	45.42	45.64	45.57	45.64	45.95	45.90	45.72	45.31	45.55	45.48	45.94	46.00	85837	80534	80394	84711	75902	74992	74346	81880	80437	81927	71789	71579	72611	76819	81278	77288	68761	61761	70212	70552	75784	70997	71562	62110	94.5	95.3	106.1	98.6	91.4	93.3	100.1	97.5	102.1	100.6	93.8	91.7	100.6	97.2	98.3	97.2	92.6	93.3	96.0	102.3	98.6	99.7	92.7	91.8
2/8/2026	1:39:13 PM	134150495532947768	0:15:00	45.82	45.78	45.05	45.55	46.03	45.90	45.44	45.61	45.31	45.41	45.85	46.01	45.41	45.64	45.55	45.63	45.96	45.90	45.73	45.31	45.54	45.48	45.92	45.98	85837	80370	80266	84674	75829	74825	74355	81849	80338	81879	71690	71443	72804	76559	81286	77325	68695	61756	70245	70480	75693	70699	71387	62189	94.5	95.1	106.3	98.6	91.4	93.3	100.3	97.7	102.3	100.7	94.1	91.7	100.7	97.2	98.6	97.4	92.4	93.3	95.9	102.3	98.8	99.7	93.0	92.1
2/8/2026	1:39:43 PM	134150495832951996	0:15:30	45.82	45.77	45.04	45.55	46.02	45.89	45.45	45.61	45.31	45.42	45.85	46.00	45.42	45.62	45.54	45.64	45.94	45.90	45.72	45.31	45.55	45.48	45.92	45.98	85851	80514	80385	84632	75727	74929	74386	81739	80389	81890	71761	71519	72609	76684	81174	77344	68789	61736	70219	70531	75638	70992	71387	62084	94.5	95.3	106.5	98.6	91.5	93.5	100.1	97.7	102.3	100.6	94.1	91.8	100.6	97.5	98.8	97.2	92.7	93.3	96.0	102.3	98.6	99.7	93.0	92.1
2/8/2026	1:40:13 PM	134150496132956818	0:16:00	45.83	45.79	45.04	45.55	46.03	45.90	45.45	45.60	45.31	45.42	45.86	46.00	45.41	45.64	45.54	45.63	45.94	45.90	45.71	45.31	45.56	45.48	45.92	45.98	85834	80495	80309	84609	75908	74768	74411	81753	80409	81927	71784	71533	72691	76621	81353	77331	68664	61736	70206	70485	75596	70884	71407	62072	94.4	95.0	106.5	98.6	91.4	93.3	100.1	97.8	102.3	100.6	93.9	91.8	100.7	97.2	98.8	97.4	92.7	93.3	96.2	102.3	98.4	99.7	93.0	92.1
2/8/2026	1:40:43 PM	134150496432953053	0:16:30	45.82	45.78	45.03	45.55	46.02	45.88	45.45	45.60	45.30	45.40	45.85	45.99	45.40	45.63	45.55	45.63	45.93	45.89	45.70	45.30	45.55	45.48	45.92	45.97	85846	80404	80286	84708	75712	74915	74389	81673	80483	81908	71707	71522	72548	76755	81324	77269	68789	61696	70242	70517	75681	70919	71425	62049	94.5	95.1	106.6	98.6	91.5	93.6	100.1	97.8	102.4	100.9	94.1	92.0	100.9	97.4	98.6	97.4	92.9	93.5	96.3	102.4	98.6	99.7	93.0	92.3
2/8/2026	1:41:13 PM	134150496732963186	0:17:00	45.84	45.79	45.05	45.57	46.02	45.90	45.47	45.62	45.31	45.43	45.86	45.99	45.42	45.64	45.57	45.65	45.94	45.91	45.70	45.33	45.56	45.48	45.91	45.98	85854	80515	80479	84779	75919	75026	74581	81798	80400	82009	71846	71669	72637	76844	81311	77521	68835	61782	70382	70627	75687	71018	71468	62086	94.2	95.0	106.3	98.3	91.5	93.3	99.8	97.5	102.3	100.4	93.9	92.0	100.6	97.2	98.3	97.1	92.7	93.2	96.3	102.0	98.4	99.7	93.2	92.1
2/8/2026	1:41:43 PM	134150497032969969	0:17:30	45.82	45.79	45.03	45.55	46.01	45.88	45.44	45.62	45.30	45.42	45.84	45.98	45.41	45.63	45.55	45.63	45.93	45.89	45.69	45.31	45.55	45.47	45.92	45.97	85849	80450	80340	84646	75746	74997	74440	81840	80400	81868	71670	71542	72715	76721	81174	77270	68809	61705	70222	70666	75645	70985	71334	62015	94.5	95.0	106.6	98.6	91.7	93.6	100.3	97.5	102.4	100.6	94.2	92.1	100.7	97.4	98.6	97.4	92.9	93.5	96.5	102.3	98.6	99.8	93.0	92.3
2/8/2026	1:42:13 PM	134150497332972231	0:18:00	45.85	45.79	45.04	45.56	46.02	45.89	45.46	45.64	45.31	45.42	45.85	46.00	45.43	45.65	45.57	45.65	45.95	45.90	45.71	45.33	45.57	45.49	45.92	45.98	85854	80433	80374	84654	75741	75097	74525	81787	80389	81933	71719	71528	72584	76814	81255	77336	68750	61728	70306	70448	75743	71039	71344	61955	94.1	95.0	106.5	98.4	91.5	93.5	100.0	97.2	102.3	100.6	94.1	91.8	100.4	97.1	98.3	97.1	92.6	93.3	96.2	102.0	98.3	99.5	93.0	92.1
2/8/2026	1:42:43 PM	134150497632977019	0:18:30	45.86	45.79	45.03	45.57	46.02	45.90	45.47	45.64	45.32	45.42	45.85	45.99	45.42	45.65	45.57	45.65	45.94	45.91	45.71	45.33	45.57	45.50	45.92	45.97	85863	80475	80230	84654	75820	74904	74465	81707	80389	81882	71656	71525	72584	76723	81146	77458	68639	61680	70329	70510	75655	70961	71387	62026	93.9	95.0	106.6	98.3	91.5	93.3	99.8	97.2	102.1	100.6	94.1	92.0	100.6	97.1	98.3	97.1	92.7	93.2	96.2	102.0	98.3	99.4	93.0	92.3
2/8/2026	1:43:13 PM	134150497932982543	0:19:00	45.86	45.79	45.04	45.57	46.03	45.90	45.47	45.65	45.32	45.42	45.85	45.99	45.43	45.65	45.57	45.66	45.94	45.91	45.72	45.33	45.57	45.50	45.92	45.97	85866	80461	80323	84527	75865	74748	74354	81719	80321	81808	71636	71530	72815	76680	81150	77323	68593	61609	70190	70505	75581	70906	71309	62143	93.9	95.0	106.5	98.3	91.4	93.3	99.8	97.1	102.1	100.6	94.1	92.0	100.4	97.1	98.3	96.9	92.7	93.2	96.0	102.0	98.3	99.4	93.0	92.3
2/8/2026	1:43:43 PM	134150498233003740	0:19:30	45.86	45.79	45.04	45.56	46.02	45.89	45.47	45.65	45.31	45.42	45.86	45.98	45.43	45.66	45.58	45.66	45.92	45.90	45.73	45.32	45.58	45.50	45.91	45.97	85869	80396	80181	84680	75863	74805	74519	81721	80213	81845	71611	71488	72679	76552	81148	77354	68645	61580	70172	70621	75798	70964	71312	62043	93.9	95.0	106.5	98.4	91.5	93.5	99.8	97.1	102.3	100.6	93.9	92.1	100.4	96.9	98.1	96.9	93.0	93.3	95.9	102.1	98.1	99.4	93.2	92.3
2/8/2026	1:44:13 PM	134150498533007663	0:20:00	45.86	45.80	45.03	45.57	46.03	45.90	45.48	45.66	45.33	45.42	45.85	45.99	45.43	45.66	45.59	45.66	45.92	45.89	45.73	45.32	45.58	45.50	45.92	45.96	85883	80447	80221	84643	75656	74686	74490	81642	80250	81865	71531	71479	72627	76616	81408	77343	68671	61585	70052	70488	75633	70850	71319	61949	93.9	94.8	106.6	98.3	91.4	93.3	99.7	96.9	102.0	100.6	94.1	92.0	100.4	96.9	98.0	96.9	93.0	93.5	95.9	102.1	98.1	99.4	93.0	92.4
2/8/2026	1:44:43 PM	134150498833005587	0:20:30	45.88	45.80	45.04	45.58	46.03	45.91	45.48	45.66	45.32	45.42	45.87	45.99	45.42	45.66	45.59	45.67	45.93	45.91	45.74	45.33	45.59	45.50	45.92	45.98	85864	80506	80357	84606	75704	74790	74431	81806	80259	81859	71611	71573	72580	76716	81316	77395	68676	61617	70257	70510	75605	71003	71326	62060	93.6	94.8	106.5	98.1	91.4	93.2	99.7	96.9	102.1	100.6	93.8	92.0	100.6	96.9	98.0	96.8	92.9	93.2	95.7	102.0	98.0	99.4	93.0	92.1
2/8/2026	1:45:13 PM	134150499133004419	0:21:00	45.88	45.80	45.05	45.58	46.04	45.90	45.48	45.65	45.32	45.43	45.87	45.99	45.44	45.66	45.59	45.67	45.93	45.91	45.74	45.34	45.59	45.50	45.92	45.97	85881	80430	80284	84702	75814	74754	74448	81670	80344	81893	71602	71426	72809	76512	81131	77218	68608	61563	70252	70628	75847	70914	71366	62113	93.6	94.8	106.3	98.1	91.2	93.3	99.7	97.1	102.1	100.4	93.8	92.0	100.3	96.9	98.0	96.8	92.9	93.2	95.7	101.8	98.0	99.4	93.0	92.3
2/8/2026	1:45:43 PM	134150499433009840	0:21:30	45.87	45.80	45.03	45.58	46.02	45.90	45.48	45.64	45.31	45.42	45.86	45.98	45.43	45.66	45.59	45.66	45.93	45.91	45.74	45.33	45.58	45.50	45.91	45.96	85886	80450	80318	84609	75749	74666	74473	81687	80290	81862	71506	71403	72778	76656	81167	77235	68575	61564	70296	70494	75628	70924	71415	62000	93.8	94.8	106.6	98.1	91.5	93.3	99.7	97.2	102.3	100.6	93.9	92.1	100.4	96.9	98.0	96.9	92.9	93.2	95.7	102.0	98.1	99.4	93.2	92.4
2/8/2026	1:46:13 PM	134150499733013275	0:22:00	45.87	45.80	45.02	45.57	46.03	45.89	45.47	45.64	45.31	45.42	45.85	45.98	45.43	45.66	45.59	45.65	45.90	45.90	45.73	45.32	45.60	45.51	45.90	45.95	85889	80507	80343	84643	75670	74677	74428	81665	80312	81825	71529	71465	72668	76476	81202	77275	68635	61552	70258	70440	75572	71017	71354	61940	93.8	94.8	106.8	98.3	91.4	93.5	99.8	97.2	102.3	100.6	94.1	92.1	100.4	96.9	98.0	97.1	93.3	93.3	95.9	102.1	97.8	99.2	93.3	92.6
2/8/2026	1:46:43 PM	134150500033026673	0:22:30	45.87	45.81	45.03	45.58	46.02	45.89	45.46	45.64	45.31	45.41	45.85	45.98	45.43	45.68	45.59	45.66	45.92	45.91	45.74	45.32	45.60	45.52	45.90	45.97	85872	80470	80318	84558	75608	74717	74414	81682	80315	81751	71390	71431	72623	76570	81165	77315	68461	61536	70102	70462	75651	70930	71200	61921	93.8	94.7	106.6	98.1	91.5	93.5	100.0	97.2	102.3	100.7	94.1	92.1	100.4	96.6	98.0	96.9	93.0	93.2	95.7	102.1	97.8	99.1	93.3	92.3
2/8/2026	1:47:13 PM	134150500333035314	0:23:00	45.87	45.82	45.03	45.57	46.03	45.90	45.47	45.65	45.32	45.43	45.85	45.98	45.44	45.68	45.61	45.67	45.93	45.91	45.74	45.33	45.61	45.52	45.91	45.97	85881	80413	80287	84595	75806	74683	74456	81656	80264	81783	71551	71377	72676	76490	81137	77122	68549	61524	70213	70468	75606	70898	71232	61966	93.8	94.5	106.6	98.3	91.4	93.3	99.8	97.1	102.1	100.4	94.1	92.1	100.3	96.6	97.7	96.8	92.9	93.2	95.7	102.0	97.7	99.1	93.2	92.3
2/8/2026	1:47:43 PM	134150500633032193	0:23:30	45.87	45.82	45.04	45.57	46.02	45.90	45.47	45.65	45.31	45.42	45.85	45.98	45.43	45.68	45.61	45.67	45.92	45.91	45.74	45.33	45.61	45.52	45.90	45.96	85869	80481	80383	84603	75599	74677	74363	81787	80199	81751	71438	71454	72603	76713	81240	77384	68548	61501	70264	70406	75797	71104	71186	61894	93.8	94.5	106.5	98.3	91.5	93.3	99.8	97.1	102.3	100.6	94.1	92.1	100.4	96.6	97.7	96.8	93.0	93.2	95.7	102.0	97.7	99.1	93.3	92.4
2/8/2026	1:48:13 PM	134150500933031263	0:24:00	45.87	45.81	45.02	45.57	46.02	45.90	45.46	45.65	45.31	45.42	45.85	45.97	45.42	45.67	45.60	45.67	45.91	45.90	45.72	45.33	45.60	45.53	45.89	45.96	85872	80478	80366	84527	75653	74632	74420	81673	80292	81797	71441	71377	72608	76633	81198	77016	68525	61393	70177	70486	75701	71071	71186	61940	93.8	94.7	106.8	98.3	91.5	93.3	100.0	97.1	102.3	100.6	94.1	92.3	100.6	96.8	97.8	96.8	93.2	93.3	96.0	102.0	97.8	98.9	93.5	92.4
2/8/2026	1:48:43 PM	134150501233043766	0:24:30	45.87	45.82	45.03	45.57	46.03	45.90	45.46	45.66	45.33	45.43	45.86	45.97	45.43	45.67	45.61	45.67	45.93	45.92	45.72	45.33	45.61	45.53	45.91	45.96	85850	80311	80295	84564	75718	74669	74454	81580	80182	81794	71452	71482	72830	76655	81156	77316	68509	61465	70237	70386	75609	70780	71241	62008	93.8	94.5	106.6	98.3	91.4	93.3	100.0	96.9	102.0	100.4	93.9	92.3	100.4	96.8	97.7	96.8	92.9	93.0	96.0	102.0	97.7	98.9	93.2	92.4
2/8/2026	1:49:13 PM	134150501533046583	0:25:00	45.86	45.82	45.02	45.58	46.03	45.90	45.48	45.66	45.32	45.43	45.86	45.98	45.43	45.69	45.62	45.68	45.93	45.91	45.75	45.32	45.61	45.53	45.90	45.96	85829	80320	80196	84549	75551	74643	74431	81551	80142	81811	71401	71426	72674	76518	81108	77204	68523	61450	70145	70354	75701	70948	71253	61928	93.9	94.5	106.8	98.1	91.4	93.3	99.7	96.9	102.1	100.4	93.9	92.1	100.4	96.5	97.5	96.6	92.9	93.2	95.6	102.1	97.7	98.9	93.3	92.4
2/8/2026	1:49:43 PM	134150501833043840	0:25:30	45.87	45.83	45.03	45.57	46.04	45.90	45.47	45.66	45.33	45.43	45.86	45.98	45.44	45.70	45.62	45.69	45.91	45.92	45.74	45.34	45.60	45.53	45.91	45.97	85852	80399	80312	84643	75616	74694	74417	81784	80289	81799	71438	71409	72615	76550	81123	77224	68612	61414	70338	70364	75737	70911	71169	61855	93.8	94.4	106.6	98.3	91.2	93.3	99.8	96.9	102.0	100.4	93.9	92.1	100.3	96.3	97.5	96.5	93.2	93.0	95.7	101.8	97.8	98.9	93.2	92.3
2/8/2026	1:50:13 PM	134150502133042176	0:26:00	45.89	45.84	45.03	45.57	46.04	45.91	45.47	45.67	45.32	45.43	45.86	45.98	45.45	45.71	45.64	45.68	45.92	45.92	45.74	45.34	45.62	45.54	45.91	45.97	85861	80357	80258	84609	75639	74683	74448	81679	80324	81766	71478	71471	72937	76559	81209	77454	68690	61519	70275	70395	75669	70812	71220	61897	93.5	94.2	106.6	98.3	91.2	93.2	99.8	96.8	102.1	100.4	93.9	92.1	100.1	96.2	97.2	96.6	93.0	93.0	95.7	101.8	97.5	98.8	93.2	92.3
2/8/2026	1:50:43 PM	134150502433043551	0:26:30	45.89	45.83	45.03	45.56	46.04	45.91	45.47	45.68	45.32	45.43	45.86	45.97	45.45	45.70	45.62	45.68	45.91	45.91	45.74	45.32	45.61	45.53	45.91	45.95	85884	80479	80343	84629	75599	74649	74558	81750	80193	81834	71384	71451	72810	76631	81109	77172	68550	61527	70287	70366	75584	70891	71135	61876	93.5	94.4	106.6	98.4	91.2	93.2	99.8	96.6	102.1	100.4	93.9	92.3	100.1	96.3	97.5	96.6	93.2	93.2	95.7	102.1	97.7	98.9	93.2	92.6
2/8/2026	1:51:13 PM	134150502733044202	0:27:00	45.88	45.81	45.01	45.55	46.02	45.89	45.44	45.67	45.31	45.42	45.84	45.96	45.43	45.70	45.61	45.67	45.90	45.90	45.73	45.31	45.60	45.52	45.89	45.95	85901	80377	80386	84476	75474	74649	74403	81744	80162	81791	71418	71417	72683	76447	81147	77222	68470	61340	70296	70337	75541	70957	71038	61931	93.6	94.7	106.9	98.6	91.5	93.5	100.3	96.8	102.3	100.6	94.2	92.4	100.4	96.3	97.7	96.8	93.3	93.3	95.9	102.3	97.8	99.1	93.5	92.6
2/8/2026	1:51:43 PM	134150503033044581	0:27:30	45.90	45.81	45.02	45.56	46.03	45.91	45.46	45.68	45.32	45.42	45.86	45.97	45.44	45.72	45.61	45.69	45.91	45.91	45.73	45.32	45.61	45.53	45.90	45.95	85913	80373	80199	84589	75628	74564	74445	81772	80060	81859	71257	71352	72815	76705	81325	77243	68429	61257	70227	70479	75584	70821	71080	61851	93.3	94.7	106.8	98.4	91.4	93.2	100.0	96.6	102.1	100.6	93.9	92.3	100.3	96.0	97.7	96.5	93.2	93.2	95.9	102.1	97.7	98.9	93.3	92.6
2/8/2026	1:52:13 PM	134150503333054249	0:28:00	45.92	45.82	45.03	45.56	46.04	45.91	45.47	45.69	45.33	45.43	45.86	45.97	45.45	45.74	45.64	45.70	45.92	45.92	45.74	45.33	45.62	45.54	45.91	45.96	85901	80357	80267	84589	75449	74623	74414	81670	80108	81811	71373	71392	72633	76547	81367	77212	68471	61372	70307	70383	75594	70898	71146	61849	93.0	94.5	106.6	98.4	91.2	93.2	99.8	96.5	102.0	100.4	93.9	92.3	100.1	95.7	97.2	96.3	93.0	93.0	95.7	102.0	97.5	98.8	93.2	92.4
2/8/2026	1:52:43 PM	134150503633056491	0:28:30	45.91	45.83	45.03	45.56	46.04	45.91	45.47	45.69	45.33	45.43	45.86	45.98	45.46	45.74	45.63	45.71	45.92	45.93	45.73	45.34	45.62	45.54	45.91	45.95	85896	80314	80275	84439	75602	74578	74437	81744	80080	81802	71310	71377	72676	76590	81192	77293	68627	61347	70245	70392	75639	70856	71189	61979	93.2	94.4	106.6	98.4	91.2	93.2	99.8	96.5	102.0	100.4	93.9	92.1	100.0	95.7	97.4	96.2	93.0	92.9	95.9	101.8	97.5	98.8	93.2	92.6
2/8/2026	1:53:13 PM	134150503933051847	0:29:00	45.89	45.83	45.02	45.56	46.03	45.91	45.47	45.68	45.32	45.43	45.86	45.97	45.46	45.73	45.64	45.71	45.91	45.92	45.72	45.33	45.60	45.54	45.91	45.95	85890	80337	80272	84544	75574	74532	74462	81679	80085	81802	71299	71312	72828	76636	81396	77287	68417	61327	70299	70338	75546	70944	71073	61843	93.5	94.4	106.8	98.4	91.4	93.2	99.8	96.6	102.1	100.4	93.9	92.3	100.0	95.9	97.2	96.2	93.2	93.0	96.0	102.0	97.8	98.8	93.2	92.6
2/8/2026	1:53:43 PM	134150504233051674	0:29:30	45.91	45.85	45.04	45.56	46.04	45.91	45.46	45.68	45.34	45.44	45.86	45.98	45.46	45.74	45.65	45.72	45.92	45.92	45.72	45.33	45.62	45.56	45.90	45.96	85873	80490	80337	84598	75551	74572	74380	81727	80232	81791	71282	71332	72729	76652	81348	77288	68319	61320	70296	70349	75528	70980	71034	61871	93.2	94.1	106.5	98.4	91.2	93.2	100.0	96.6	101.8	100.3	93.9	92.1	100.0	95.7	97.1	96.0	93.0	93.0	96.0	102.0	97.5	98.4	93.3	92.4
2/8/2026	1:54:13 PM	134150504533067541	0:30:00	45.89	45.82	45.02	45.54	46.03	45.89	45.46	45.68	45.32	45.43	45.85	45.96	45.46	45.71	45.64	45.71	45.90	45.93	45.72	45.33	45.60	45.54	45.89	45.94	85878	80371	80335	84595	75594	74541	74456	81710	80026	81740	71180	71377	72827	76474	81221	77405	68376	61339	70278	70558	75579	70857	71083	61985	93.5	94.5	106.8	98.8	91.4	93.5	100.0	96.6	102.1	100.4	94.1	92.4	100.0	96.2	97.2	96.2	93.3	92.9	96.0	102.0	97.8	98.8	93.5	92.7
2/8/2026	1:54:43 PM	134150504833074258	0:30:30	45.90	45.84	45.02	45.55	46.03	45.90	45.45	45.68	45.33	45.43	45.85	45.96	45.47	45.71	45.63	45.72	45.91	45.92	45.72	45.33	45.60	45.54	45.89	45.95	85896	80351	80309	84499	75582	74538	74471	81792	80102	81731	71265	71389	72825	76556	81191	77141	68297	61292	70303	70315	75661	71051	71114	61934	93.3	94.2	106.8	98.6	91.4	93.3	100.1	96.6	102.0	100.4	94.1	92.4	99.8	96.2	97.4	96.0	93.2	93.0	96.0	102.0	97.8	98.8	93.5	92.6
2/8/2026	1:55:13 PM	134150505133075459	0:31:00	45.90	45.84	45.02	45.56	46.04	45.91	45.47	45.71	45.33	45.44	45.86	45.96	45.47	45.71	45.64	45.72	45.91	45.92	45.74	45.33	45.61	45.56	45.90	45.96	85870	80317	80241	84589	75520	74535	74507	81668	80085	81774	71143	71400	72756	76536	81240	77360	68333	61215	70233	70403	75624	70793	71043	61880	93.3	94.2	106.8	98.4	91.2	93.2	99.8	96.2	102.0	100.3	93.9	92.4	99.8	96.2	97.2	96.0	93.2	93.0	95.7	102.0	97.7	98.4	93.3	92.4
2/8/2026	1:55:43 PM	134150505433083025	0:31:30	45.88	45.84	45.03	45.55	46.05	45.91	45.47	45.71	45.33	45.44	45.86	45.98	45.48	45.72	45.65	45.73	45.91	45.93	45.75	45.33	45.62	45.56	45.90	45.95	85853	80351	80326	84530	75548	74578	74439	81755	80193	81768	71058	71292	72696	76443	81161	77222	68291	61259	70305	70300	75554	70910	70991	61874	93.6	94.2	106.6	98.6	91.1	93.2	99.8	96.2	102.0	100.3	93.9	92.1	99.7	96.0	97.1	95.9	93.2	92.9	95.6	102.0	97.5	98.4	93.3	92.6
2/8/2026	1:56:13 PM	134150505733093963	0:32:00	45.85	45.82	45.02	45.54	46.03	45.90	45.45	45.70	45.33	45.43	45.85	45.96	45.48	45.72	45.64	45.73	45.90	45.93	45.74	45.33	45.61	45.56	45.89	45.94	85821	80346	80321	84504	75517	74484	74479	81546	80139	81723	71135	71352	72815	76523	81360	77257	68365	61291	70283	70387	75640	70979	71034	61783	94.1	94.5	106.8	98.8	91.4	93.3	100.1	96.3	102.0	100.4	94.1	92.4	99.7	96.0	97.2	95.9	93.3	92.9	95.7	102.0	97.7	98.4	93.5	92.7
2/8/2026	1:56:43 PM	134150506033101897	0:32:30	45.86	45.85	45.03	45.55	46.04	45.91	45.46	45.72	45.34	45.44	45.87	45.98	45.49	45.72	45.65	45.75	45.91	45.93	45.76	45.33	45.63	45.57	45.90	45.95	85812	80363	80295	84584	75310	74510	74369	81744	80539	81774	71126	71380	72620	76531	81235	77289	68379	61275	70340	70591	75466	70776	71071	61913	93.9	94.1	106.6	98.6	91.2	93.2	100.0	96.0	101.8	100.3	93.8	92.1	99.5	96.0	97.1	95.6	93.2	92.9	95.4	102.0	97.4	98.3	93.3	92.6
2/8/2026	1:57:13 PM	134150506333108060	0:33:00	45.85	45.83	45.03	45.55	46.04	45.90	45.45	45.72	45.33	45.44	45.86	45.96	45.48	45.71	45.65	45.74	45.90	45.91	45.76	45.33	45.62	45.56	45.89	45.95	85795	80408	80329	84620	75407	74620	74629	81809	80740	81864	71118	71462	72849	76547	81252	77403	68401	61278	70361	70436	75729	71130	71171	61883	94.1	94.4	106.6	98.6	91.2	93.3	100.1	96.0	102.0	100.3	93.9	92.4	99.7	96.2	97.1	95.7	93.3	93.2	95.4	102.0	97.5	98.4	93.5	92.6
2/8/2026	1:57:43 PM	134150506633114102	0:33:30	45.84	45.85	45.02	45.54	46.03	45.91	45.46	45.72	45.33	45.44	45.85	45.96	45.48	45.72	45.67	45.74	45.91	45.93	45.77	45.34	45.63	45.56	45.89	45.94	85775	80366	80321	84524	75506	74479	74428	81696	80675	81811	71078	71321	72763	76526	81269	77235	68340	61302	70453	70578	75658	70838	70968	61776	94.2	94.1	106.8	98.8	91.4	93.2	100.0	96.0	102.0	100.3	94.1	92.4	99.7	96.0	96.8	95.7	93.2	92.9	95.3	101.8	97.4	98.4	93.5	92.7
2/8/2026	1:58:13 PM	134150506933113978	0:34:00	45.84	45.84	45.03	45.55	46.04	45.91	45.45	45.73	45.33	45.44	45.86	45.97	45.50	45.72	45.67	45.74	45.90	45.92	45.78	45.33	45.64	45.57	45.89	45.94	85769	80303	80252	84603	75472	74564	74468	81682	80476	81737	71106	71406	72745	76505	81246	77274	68327	61238	70330	70401	75579	70882	70900	61782	94.2	94.2	106.6	98.6	91.2	93.2	100.1	95.9	102.0	100.3	93.9	92.3	99.4	96.0	96.8	95.7	93.3	93.0	95.1	102.0	97.2	98.3	93.5	92.7
2/8/2026	1:58:43 PM	134150507233119199	0:34:30	45.83	45.84	45.03	45.54	46.05	45.90	45.44	45.72	45.33	45.44	45.85	45.96	45.48	45.72	45.68	45.73	45.90	45.92	45.76	45.32	45.63	45.57	45.88	45.95	85764	80349	80312	84547	75483	74535	74573	81826	80694	81856	71115	71392	72741	76540	81143	77302	68321	61296	70299	70554	75645	70777	70968	61740	94.4	94.2	106.6	98.8	91.1	93.3	100.3	96.0	102.0	100.3	94.1	92.4	99.7	96.0	96.6	95.9	93.3	93.0	95.4	102.1	97.4	98.3	93.6	92.6
2/8/2026	1:59:13 PM	134150507533135743	0:35:00	45.84	45.86	45.03	45.55	46.04	45.92	45.45	45.73	45.34	45.44	45.87	45.96	45.50	45.73	45.69	45.74	45.92	45.93	45.77	45.34	45.63	45.57	45.89	45.95	85761	80312	80346	84578	75219	74569	74519	81693	80615	81802	71050	71408	72768	76442	81218	77214	68286	61176	70342	70550	75687	70877	71064	61734	94.2	93.9	106.6	98.6	91.2	93.0	100.1	95.9	101.8	100.3	93.8	92.4	99.4	95.9	96.5	95.7	93.0	92.9	95.3	101.8	97.4	98.3	93.5	92.6
2/8/2026	1:59:43 PM	134150507833132906	0:35:30	45.84	45.86	45.03	45.56	46.04	45.92	45.45	45.74	45.34	45.44	45.86	45.96	45.51	45.73	45.69	45.73	45.90	45.92	45.77	45.34	45.64	45.58	45.89	45.94	85775	80437	80303	84595	75344	74484	74550	81840	80635	81677	71064	71275	72943	76508	81389	77279	68282	61301	70444	70422	75606	70981	70971	61774	94.2	93.9	106.6	98.4	91.2	93.0	100.1	95.7	101.8	100.3	93.9	92.4	99.2	95.9	96.5	95.9	93.3	93.0	95.3	101.8	97.2	98.1	93.5	92.7
2/8/2026	2:00:13 PM	134150508133134244	0:36:00	45.85	45.86	45.04	45.56	46.05	45.92	45.47	45.75	45.35	45.45	45.87	45.97	45.51	45.75	45.70	45.74	45.90	45.94	45.78	45.34	45.65	45.58	45.90	45.94	85781	80363	80371	84501	75446	74493	74539	81880	80210	81714	71103	71366	72751	76606	81310	77385	68292	61185	70275	70493	75621	70959	70906	61850	94.1	93.9	106.5	98.4	91.1	93.0	99.8	95.6	101.7	100.1	93.8	92.3	99.2	95.6	96.3	95.7	93.3	92.7	95.1	101.8	97.1	98.1	93.3	92.7
2/8/2026	2:00:43 PM	134150508433139282	0:36:30	45.84	45.87	45.03	45.56	46.05	45.92	45.46	45.75	45.34	45.44	45.88	45.96	45.51	45.77	45.71	45.73	45.90	45.93	45.78	45.34	45.64	45.58	45.89	45.95	85784	80326	80295	84592	75409	74513	74451	81761	80207	81762	70993	71346	72761	76578	81326	77282	68324	61219	70429	70530	75637	70826	70973	61632	94.2	93.8	106.6	98.4	91.1	93.0	100.0	95.6	101.8	100.3	93.6	92.4	99.2	95.3	96.2	95.9	93.3	92.9	95.1	101.8	97.2	98.1	93.5	92.6
2/8/2026	2:01:13 PM	134150508733149401	0:37:00	45.84	45.87	45.04	45.57	46.05	45.92	45.47	45.75	45.35	45.45	45.88	45.96	45.52	45.75	45.71	45.73	45.90	45.93	45.78	45.34	45.65	45.58	45.89	45.95	85792	80403	80312	84567	75327	74456	74454	81846	80337	81827	71072	71349	72750	76612	81308	77179	68238	61298	70449	70589	75747	70932	71011	61788	94.2	93.8	106.5	98.3	91.1	93.0	99.8	95.6	101.7	100.1	93.6	92.4	99.1	95.6	96.2	95.9	93.3	92.9	95.1	101.8	97.1	98.1	93.5	92.6
2/8/2026	2:01:43 PM	134150509033152631	0:37:30	45.85	45.87	45.04	45.55	46.05	45.91	45.46	45.74	45.34	45.45	45.87	45.96	45.52	45.75	45.70	45.73	45.90	45.93	45.78	45.34	45.66	45.59	45.89	45.95	85787	80423	80337	84683	75489	74473	74485	81784	80623	81720	71038	71352	72787	76570	81299	77295	68295	61085	70451	70402	75719	70908	70996	61774	94.1	93.8	106.5	98.6	91.1	93.2	100.0	95.7	101.8	100.1	93.8	92.4	99.1	95.6	96.3	95.9	93.3	92.9	95.1	101.8	96.9	98.0	93.5	92.6
2/8/2026	2:02:13 PM	134150509333154897	0:38:00	45.87	45.88	45.03	45.56	46.06	45.91	45.46	45.74	45.34	45.45	45.88	45.96	45.52	45.76	45.71	45.73	45.90	45.94	45.79	45.35	45.66	45.60	45.89	45.95	85804	80321	80329	84620	75268	74481	74547	81806	80660	81717	71024	71287	72924	76640	81280	77175	68164	61089	70449	70540	75717	70847	70931	61765	93.8	93.6	106.6	98.4	90.9	93.2	100.0	95.7	101.8	100.1	93.6	92.4	99.1	95.4	96.2	95.9	93.3	92.7	95.0	101.7	96.9	97.8	93.5	92.6
2/8/2026	2:02:43 PM	134150509633151724	0:38:30	45.88	45.89	45.04	45.56	46.06	45.91	45.46	45.74	45.35	45.45	45.87	45.96	45.53	45.76	45.70	45.73	45.90	45.94	45.78	45.34	45.67	45.59	45.89	45.95	85824	80327	80309	84518	75313	74365	74391	81727	80538	81714	70965	71284	72811	76565	81169	77088	68170	61043	70401	70430	75615	70942	70862	61691	93.6	93.5	106.5	98.4	90.9	93.2	100.0	95.7	101.7	100.1	93.8	92.4	98.9	95.4	96.3	95.9	93.3	92.7	95.1	101.8	96.8	98.0	93.5	92.6
2/8/2026	2:03:13 PM	134150509933168546	0:39:00	45.88	45.89	45.05	45.57	46.06	45.93	45.48	45.75	45.36	45.46	45.89	45.97	45.54	45.77	45.71	45.74	45.91	45.94	45.80	45.35	45.67	45.62	45.90	45.95	85815	80318	80281	84436	75171	74487	74417	81707	80425	81652	70885	71253	72783	76636	81385	77236	68250	61213	70294	70382	75675	70731	70817	61705	93.6	93.5	106.3	98.3	90.9	92.9	99.7	95.6	101.5	100.0	93.5	92.3	98.8	95.3	96.2	95.7	93.2	92.7	94.8	101.7	96.8	97.5	93.3	92.6
2/8/2026	2:03:20 PM	134150510003557483	0:39:07	45.87	45.90	45.04	45.56	46.05	45.92	45.47	45.75	45.36	45.46	45.88	45.97	45.54	45.76	45.71	45.75	45.90	45.94	45.81	45.35	45.68	45.61	45.89	45.95	85824	80352	80323	84448	75166	74450	74442	81804	80552	81805	70956	71153	72806	76473	81021	77019	68107	61065	70323	70348	75650	70826	70947	61710	93.8	93.3	106.5	98.4	91.1	93.0	99.8	95.6	101.5	100.0	93.6	92.3	98.8	95.4	96.2	95.6	93.3	92.7	94.7	101.7	96.6	97.7	93.5	92.6
2/8/2026	2:03:43 PM	134150510233167656	0:39:30	45.87	45.89	45.04	45.56	46.05	45.92	45.46	45.75	45.34	45.45	45.87	45.96	45.53	45.75	45.71	45.74	45.90	45.94	45.82	45.34	45.66	45.60	45.89	45.94	85833	80324	80309	84552	75140	74433	74431	81738	80320	81728	70891	71284	72812	76610	81210	77010	68278	61066	70365	70428	75706	70833	70831	61608	93.8	93.5	106.5	98.4	91.1	93.0	100.0	95.6	101.8	100.1	93.8	92.4	98.9	95.6	96.2	95.7	93.3	92.7	94.5	101.8	96.9	97.8	93.5	92.7
2/8/2026	2:04:13 PM	134150510533176550	0:40:00	45.88	45.88	45.04	45.56	46.06	45.93	45.47	45.76	45.36	45.46	45.88	45.96	45.55	45.77	45.72	45.74	45.91	45.94	45.84	45.35	45.68	45.61	45.89	45.94	85816	80375	80292	84493	75152	74382	74510	81648	80102	81697	70967	71159	72693	76538	81225	77077	68159	61054	70393	70349	75661	70835	70887	61611	93.6	93.6	106.5	98.4	90.9	92.9	99.8	95.4	101.5	100.0	93.6	92.4	98.6	95.3	96.0	95.7	93.2	92.7	94.2	101.7	96.6	97.7	93.5	92.7
2/8/2026	2:04:43 PM	134150510833182075	0:40:30	45.87	45.88	45.04	45.56	46.05	45.92	45.47	45.76	45.36	45.46	45.88	45.96	45.55	45.77	45.72	45.74	45.89	45.95	45.82	45.35	45.67	45.61	45.88	45.95	85807	80307	80269	84527	75293	74334	74448	81770	80133	81697	70888	71233	72825	76445	81282	77366	68198	61019	70400	70397	75718	70953	70841	61603	93.8	93.6	106.5	98.4	91.1	93.0	99.8	95.4	101.5	100.0	93.6	92.4	98.6	95.3	96.0	95.7	93.5	92.6	94.5	101.7	96.8	97.7	93.6	92.6
2/8/2026	2:05:13 PM	134150511133186768	0:41:00	45.86	45.87	45.03	45.56	46.04	45.92	45.46	45.75	45.34	45.45	45.86	45.96	45.54	45.77	45.72	45.75	45.89	45.93	45.81	45.34	45.67	45.60	45.88	45.93	85824	80352	80357	84575	75194	74413	74524	81792	80173	81691	70902	71341	72908	76502	81229	77256	68064	60921	70328	70300	75785	70770	70879	61670	93.9	93.8	106.6	98.4	91.2	93.0	100.0	95.6	101.8	100.1	93.9	92.4	98.8	95.3	96.0	95.6	93.5	92.9	94.7	101.8	96.8	97.8	93.6	92.9
2/8/2026	2:05:43 PM	134150511433187270	0:41:30	45.88	45.89	45.04	45.56	46.06	45.93	45.47	45.76	45.36	45.46	45.88	45.96	45.55	45.78	45.73	45.75	45.91	45.93	45.82	45.35	45.68	45.61	45.90	45.95	85810	80338	80295	84552	75109	74348	74587	81770	80056	81666	70848	71238	72851	76599	81184	77230	68097	60983	70445	70438	75631	70768	70903	61731	93.6	93.5	106.5	98.4	90.9	92.9	99.8	95.4	101.5	100.0	93.6	92.4	98.6	95.1	95.9	95.6	93.2	92.9	94.5	101.7	96.6	97.7	93.3	92.6
2/8/2026	2:06:13 PM	134150511733190821	0:42:00	45.87	45.88	45.05	45.56	46.06	45.92	45.47	45.76	45.36	45.46	45.87	45.96	45.56	45.79	45.73	45.76	45.90	45.94	45.81	45.35	45.68	45.63	45.88	45.95	85818	80355	80331	84615	75384	74360	74507	81772	80124	81561	70851	71196	73008	76563	81298	77296	68198	60961	70342	70383	75680	70969	70807	61611	93.8	93.6	106.3	98.4	90.9	93.0	99.8	95.4	101.5	100.0	93.8	92.4	98.4	95.0	95.9	95.4	93.3	92.7	94.7	101.7	96.6	97.4	93.6	92.6
2/8/2026	2:06:43 PM	134150512033207176	0:42:30	45.87	45.89	45.05	45.58	46.06	45.92	45.47	45.77	45.36	45.47	45.87	45.97	45.57	45.79	45.75	45.76	45.90	45.94	45.82	45.35	45.69	45.63	45.88	45.94	85804	80361	80348	84606	74999	74317	74482	81653	80167	81697	70829	71202	72925	76561	81163	77294	68252	60963	70354	70366	75692	70884	70810	61665	93.8	93.5	106.3	98.1	90.9	93.0	99.8	95.3	101.5	99.8	93.8	92.3	98.3	95.0	95.6	95.4	93.3	92.7	94.5	101.7	96.5	97.4	93.6	92.7
2/8/2026	2:07:13 PM	134150512333212341	0:43:00	45.86	45.89	45.05	45.57	46.06	45.93	45.47	45.75	45.37	45.46	45.88	45.96	45.57	45.80	45.75	45.77	45.90	45.94	45.81	45.36	45.69	45.63	45.89	45.94	85796	80364	80360	84581	75228	74348	74561	81795	80110	81723	70698	71142	73187	76557	81138	77218	68098	60893	70319	70322	75569	70844	70765	61701	93.9	93.5	106.3	98.3	90.9	92.9	99.8	95.6	101.3	100.0	93.6	92.4	98.3	94.8	95.6	95.3	93.3	92.7	94.7	101.5	96.5	97.4	93.5	92.7
2/8/2026	2:07:43 PM	134150512633224341	0:43:30	45.85	45.90	45.05	45.56	46.05	45.92	45.47	45.76	45.35	45.46	45.87	45.96	45.58	45.79	45.74	45.76	45.89	45.94	45.81	45.35	45.69	45.64	45.88	45.93	85778	80319	80368	84623	75231	74317	74408	81685	80059	81669	70746	71179	73031	76551	81334	77354	68044	60893	70331	70373	75690	70928	70756	61616	94.1	93.3	106.3	98.4	91.1	93.0	99.8	95.4	101.7	100.0	93.8	92.4	98.1	95.0	95.7	95.4	93.5	92.7	94.7	101.7	96.5	97.2	93.6	92.9
2/8/2026	2:08:13 PM	134150512933221809	0:44:00	45.86	45.90	45.06	45.59	46.06	45.93	45.48	45.76	45.37	45.47	45.89	45.96	45.59	45.81	45.75	45.77	45.91	45.94	45.82	45.37	45.70	45.64	45.89	45.94	85770	80350	80368	84606	75010	74334	74411	81795	80147	81705	70732	71227	72793	76569	81249	77317	68071	60978	70448	70328	75622	70930	70770	61571	93.9	93.3	106.1	98.0	90.9	92.9	99.7	95.4	101.3	99.8	93.5	92.4	98.0	94.7	95.6	95.3	93.2	92.7	94.5	101.3	96.3	97.2	93.5	92.7
2/8/2026	2:08:43 PM	134150513233220985	0:44:30	45.85	45.89	45.04	45.56	46.06	45.92	45.46	45.76	45.35	45.45	45.87	45.95	45.58	45.80	45.74	45.75	45.89	45.93	45.82	45.35	45.69	45.62	45.87	45.93	85778	80372	80326	84632	74999	74331	74465	81801	80005	81646	70735	71255	72874	76587	81189	77200	68001	60964	70393	70410	75611	70944	70867	61594	94.1	93.5	106.5	98.4	90.9	93.0	100.0	95.4	101.7	100.1	93.8	92.6	98.1	94.8	95.7	95.6	93.5	92.9	94.5	101.7	96.5	97.5	93.8	92.9
2/8/2026	2:09:13 PM	134150513533222816	0:45:00	45.86	45.91	45.05	45.58	46.06	45.94	45.48	45.77	45.37	45.47	45.88	45.97	45.59	45.81	45.75	45.77	45.90	45.94	45.83	45.37	45.71	45.63	45.90	45.96	85778	80415	80312	84521	74976	74303	74510	81741	80164	81686	70698	71097	72950	76626	81206	77280	68027	60895	70352	70311	75692	70806	70738	61606	93.9	93.2	106.3	98.1	90.9	92.7	99.7	95.3	101.3	99.8	93.6	92.3	98.0	94.7	95.6	95.3	93.3	92.7	94.4	101.3	96.2	97.4	93.3	92.4
2/8/2026	2:09:43 PM	134150513833233857	0:45:30	45.85	45.91	45.06	45.57	46.06	45.93	45.48	45.77	45.37	45.46	45.89	45.96	45.60	45.81	45.76	45.77	45.89	45.94	45.84	45.36	45.70	45.64	45.89	45.93	85773	80480	80283	84581	75112	74365	74502	81696	80011	81654	70670	71190	73008	76578	81305	77180	68058	60904	70348	70428	75865	70863	70660	61533	94.1	93.2	106.1	98.3	90.9	92.9	99.7	95.3	101.3	100.0	93.5	92.4	97.8	94.7	95.4	95.3	93.5	92.7	94.2	101.5	96.3	97.2	93.5	92.9
2/8/2026	2:10:13 PM	134150514133230194	0:46:00	45.87	45.93	45.06	45.58	46.05	45.94	45.49	45.78	45.38	45.48	45.88	45.97	45.61	45.81	45.76	45.77	45.90	45.95	45.85	45.37	45.71	45.66	45.89	45.96	85784	80395	80365	84637	75095	74289	74397	81821	80042	81697	70687	71134	73015	76472	81273	77268	67990	60830	70306	70288	75657	70910	70836	61507	93.8	92.9	106.1	98.1	91.1	92.7	99.5	95.1	101.2	99.7	93.6	92.3	97.7	94.7	95.4	95.3	93.3	92.6	94.1	101.3	96.2	96.9	93.5	92.4
2/8/2026	2:10:43 PM	134150514433235741	0:46:30	45.86	45.93	45.05	45.58	46.06	45.93	45.49	45.76	45.37	45.47	45.88	45.96	45.61	45.81	45.77	45.76	45.90	45.94	45.83	45.37	45.72	45.65	45.89	45.94	85776	80361	80422	84620	75109	74314	74499	81798	80152	81694	70718	71026	72901	76566	81246	77191	68030	60810	70307	70320	75605	70838	70743	61747	93.9	92.9	106.3	98.1	90.9	92.9	99.5	95.4	101.3	99.8	93.6	92.4	97.7	94.7	95.3	95.4	93.3	92.7	94.4	101.3	96.0	97.1	93.5	92.7
2/8/2026	2:11:13 PM	134150514733244889	0:47:00	45.87	45.92	45.06	45.58	46.06	45.93	45.49	45.77	45.37	45.48	45.89	45.96	45.61	45.80	45.77	45.77	45.90	45.95	45.83	45.37	45.72	45.66	45.89	45.94	85790	80376	80331	84632	74942	74289	74414	81738	80073	81646	70710	71097	73063	76451	81215	76990	67967	60827	70313	70391	75666	70845	70674	61599	93.8	93.0	106.1	98.1	90.9	92.9	99.5	95.3	101.3	99.7	93.5	92.4	97.7	94.8	95.3	95.3	93.3	92.6	94.4	101.3	96.0	96.9	93.5	92.7
2/8/2026	2:11:43 PM	134150515033246878	0:47:30	45.87	45.94	45.07	45.59	46.07	45.94	45.49	45.78	45.38	45.49	45.89	45.97	45.63	45.81	45.79	45.77	45.91	45.95	45.86	45.38	45.73	45.67	45.89	45.96	85778	80348	80382	84507	75237	74252	74340	81702	79951	81547	70596	71040	73065	76503	81199	77077	67956	60916	70355	70352	75617	70840	70607	61537	93.8	92.7	106.0	98.0	90.8	92.7	99.5	95.1	101.2	99.5	93.5	92.3	97.4	94.7	95.0	95.3	93.2	92.6	93.9	101.2	95.9	96.8	93.5	92.4
2/8/2026	2:12:13 PM	134150515333258900	0:48:00	45.86	45.92	45.06	45.59	46.07	45.92	45.48	45.77	45.38	45.48	45.89	45.96	45.61	45.79	45.79	45.76	45.89	45.96	45.85	45.38	45.72	45.66	45.89	45.94	85781	80409	80326	84479	75177	74286	74417	81755	79937	81552	70647	71097	73178	76533	81377	77157	67966	60900	70315	70478	75640	70820	70651	61681	93.9	93.0	106.1	98.0	90.8	93.0	99.7	95.3	101.2	99.7	93.5	92.4	97.7	95.0	95.0	95.4	93.5	92.4	94.1	101.2	96.0	96.9	93.5	92.7
2/8/2026	2:12:43 PM	134150515633252825	0:48:30	45.87	45.93	45.06	45.58	46.07	45.92	45.48	45.79	45.37	45.47	45.89	45.95	45.62	45.78	45.77	45.76	45.89	45.95	45.84	45.37	45.72	45.67	45.88	45.94	85781	80367	80374	84521	75245	74235	74465	81852	80101	81584	70562	71017	73028	76389	81167	77024	67899	60791	70445	70392	75595	70935	70676	61537	93.8	92.9	106.1	98.1	90.8	93.0	99.7	95.0	101.3	99.8	93.5	92.6	97.5	95.1	95.3	95.4	93.5	92.6	94.2	101.3	96.0	96.8	93.6	92.7
2/8/2026	2:13:13 PM	134150515933254681	0:49:00	45.86	45.92	45.05	45.58	46.05	45.92	45.47	45.79	45.36	45.47	45.87	45.95	45.62	45.78	45.77	45.75	45.88	45.94	45.84	45.36	45.71	45.67	45.87	45.94	85781	80424	80365	84666	74967	74257	74612	81849	80215	81660	70630	71111	72954	76544	81387	77222	67790	60884	70420	70434	75794	70728	70733	61703	93.9	93.0	106.3	98.1	91.1	93.0	99.8	95.0	101.5	99.8	93.8	92.6	97.5	95.1	95.3	95.6	93.6	92.7	94.2	101.5	96.2	96.8	93.8	92.7
2/8/2026	2:13:43 PM	134150516233267055	0:49:30	45.87	45.94	45.07	45.60	46.07	45.93	45.48	45.80	45.38	45.48	45.89	45.96	45.63	45.78	45.78	45.76	45.91	45.96	45.85	45.37	45.74	45.68	45.89	45.96	85784	80382	80393	84620	74982	74323	74425	81727	80212	81606	70641	71051	72906	76557	81304	77085	67738	60886	70303	70283	75665	70819	70599	61421	93.8	92.7	106.0	97.8	90.8	92.9	99.7	94.8	101.2	99.7	93.5	92.4	97.4	95.1	95.1	95.4	93.2	92.4	94.1	101.3	95.7	96.6	93.5	92.4
2/8/2026	2:14:13 PM	134150516533270579	0:50:00	45.89	45.95	45.07	45.60	46.07	45.94	45.49	45.80	45.38	45.48	45.89	45.97	45.65	45.80	45.80	45.78	45.90	45.95	45.87	45.38	45.75	45.69	45.89	45.96	85793	80521	80478	84643	75129	74325	74431	81741	80104	81722	70659	71043	73029	76496	81223	77153	67805	60873	70342	70295	75754	70948	70682	61495	93.5	92.6	106.0	97.8	90.8	92.7	99.5	94.8	101.2	99.7	93.5	92.3	97.1	94.8	94.8	95.1	93.3	92.6	93.8	101.2	95.6	96.5	93.5	92.4
2/8/2026	2:14:43 PM	134150516833284440	0:50:30	45.88	45.94	45.07	45.59	46.07	45.93	45.49	45.80	45.39	45.48	45.88	45.96	45.65	45.80	45.80	45.78	45.89	45.96	45.86	45.39	45.75	45.69	45.89	45.94	85801	80367	80373	84637	74973	74274	74363	81781	80163	81649	70712	70927	73060	76459	81305	77105	67818	60846	70487	70325	75687	70701	70597	61448	93.6	92.7	106.0	98.0	90.8	92.9	99.5	94.8	101.0	99.7	93.6	92.4	97.1	94.8	94.8	95.1	93.5	92.4	93.9	101.0	95.6	96.5	93.5	92.7
2/8/2026	2:15:13 PM	134150517133284421	0:51:00	45.88	45.94	45.07	45.61	46.06	45.93	45.49	45.80	45.38	45.48	45.88	45.96	45.65	45.81	45.80	45.78	45.90	45.95	45.87	45.39	45.75	45.69	45.89	45.94	85813	80336	80374	84552	74979	74274	74368	81778	80093	81615	70633	70998	73055	76524	81381	77139	67825	60810	70365	70362	75744	70790	70708	61488	93.6	92.7	106.0	97.7	90.9	92.9	99.5	94.8	101.2	99.7	93.6	92.4	97.1	94.7	94.8	95.1	93.3	92.6	93.8	101.0	95.6	96.5	93.5	92.7
2/8/2026	2:15:43 PM	134150517433296572	0:51:30	45.88	45.95	45.07	45.60	46.07	45.95	45.50	45.81	45.38	45.48	45.89	45.96	45.66	45.82	45.81	45.79	45.89	45.94	45.87	45.38	45.75	45.70	45.89	45.94	85807	80379	80371	84532	74979	74255	74442	81787	80274	81612	70729	71049	73092	76465	81279	77143	67813	60670	70439	70276	75744	70787	70583	61556	93.6	92.6	106.0	97.8	90.8	92.6	99.4	94.7	101.2	99.7	93.5	92.4	96.9	94.5	94.7	95.0	93.5	92.7	93.8	101.2	95.6	96.3	93.5	92.7
2/8/2026	2:16:13 PM	134150517733297589	0:52:00	45.89	45.96	45.07	45.60	46.07	45.94	45.51	45.83	45.39	45.49	45.89	45.97	45.67	45.82	45.82	45.79	45.91	45.95	45.88	45.39	45.76	45.71	45.89	45.95	85799	80342	80345	84666	74990	74317	74408	81775	80237	81651	70775	70955	73090	76528	81343	77302	67760	60804	70426	70632	75870	70893	70571	61610	93.5	92.4	106.0	97.8	90.8	92.7	99.2	94.4	101.0	99.5	93.5	92.3	96.8	94.5	94.5	95.0	93.2	92.6	93.6	101.0	95.4	96.2	93.5	92.6
2/8/2026	2:16:43 PM	134150518033300133	0:52:30	45.88	45.96	45.07	45.60	46.07	45.93	45.50	45.81	45.39	45.49	45.89	45.96	45.65	45.83	45.81	45.80	45.90	45.95	45.87	45.39	45.76	45.72	45.89	45.93	85810	80354	80495	84575	75027	74308	74402	81843	80274	81640	70732	71020	72898	76515	81369	77098	67751	60819	70428	70387	75765	70896	70502	61368	93.6	92.4	106.0	97.8	90.8	92.9	99.4	94.7	101.0	99.5	93.5	92.4	97.1	94.4	94.7	94.8	93.3	92.6	93.8	101.0	95.4	96.0	93.5	92.9
2/8/2026	2:17:13 PM	134150518333313461	0:53:00	45.89	45.95	45.08	45.60	46.06	45.94	45.49	45.82	45.39	45.49	45.89	45.95	45.66	45.83	45.82	45.80	45.90	45.95	45.87	45.40	45.77	45.71	45.88	45.93	85802	80379	80336	84637	74987	74277	74419	81767	80084	81598	70729	71063	72890	76500	81401	77204	67720	60796	70522	70542	75909	70928	70695	61456	93.5	92.6	105.8	97.8	90.9	92.7	99.5	94.5	101.0	99.5	93.5	92.6	96.9	94.4	94.5	94.8	93.3	92.6	93.8	100.9	95.3	96.2	93.6	92.9
2/8/2026	2:17:43 PM	134150518633311506	0:53:30	45.89	45.95	45.07	45.60	46.07	45.94	45.50	45.82	45.39	45.49	45.89	45.96	45.66	45.83	45.82	45.80	45.90	45.95	45.87	45.39	45.76	45.71	45.90	45.95	85804	80512	80507	84612	74902	74314	74484	81877	80229	81646	70752	70924	72991	76572	81393	77190	67683	60771	70582	70377	75702	70791	70483	61346	93.5	92.6	106.0	97.8	90.8	92.7	99.4	94.5	101.0	99.5	93.5	92.4	96.9	94.4	94.5	94.8	93.3	92.6	93.8	101.0	95.4	96.2	93.3	92.6
2/8/2026	2:18:13 PM	134150518933318465	0:54:00	45.88	45.95	45.07	45.59	46.07	45.93	45.49	45.81	45.38	45.48	45.87	45.95	45.67	45.83	45.81	45.80	45.89	45.96	45.87	45.39	45.76	45.70	45.88	45.93	85810	80373	80325	84606	74894	74334	74422	81710	80229	81617	70605	70961	73046	76523	81358	77194	67634	60798	70350	70351	75780	70803	70559	61468	93.6	92.6	106.0	98.0	90.8	92.9	99.5	94.7	101.2	99.7	93.8	92.6	96.8	94.4	94.7	94.8	93.5	92.4	93.8	101.0	95.4	96.3	93.6	92.9
2/8/2026	2:18:43 PM	134150519233320397	0:54:30	45.89	45.96	45.09	45.60	46.07	45.94	45.50	45.83	45.40	45.49	45.89	45.96	45.67	45.84	45.83	45.81	45.89	45.96	45.89	45.40	45.77	45.71	45.88	45.94	85813	80399	80353	84714	74956	74317	74462	81787	80373	81589	70755	70938	72957	76585	81408	77226	67698	60880	70387	70426	75797	71000	70581	61431	93.5	92.4	105.7	97.8	90.8	92.7	99.4	94.4	100.9	99.5	93.5	92.4	96.8	94.2	94.4	94.7	93.5	92.4	93.5	100.9	95.3	96.2	93.6	92.7
2/8/2026	2:19:13 PM	134150519533335598	0:55:00	45.89	45.97	45.09	45.60	46.07	45.94	45.50	45.83	45.39	45.49	45.89	45.96	45.67	45.84	45.83	45.81	45.90	45.95	45.89	45.40	45.76	45.71	45.89	45.94	85816	80410	80362	84606	74936	74274	74485	81815	80367	81623	70724	71003	72875	76565	81308	77197	67634	60765	70365	70528	75785	70977	70457	61408	93.5	92.3	105.7	97.8	90.8	92.7	99.4	94.4	101.0	99.5	93.5	92.4	96.8	94.2	94.4	94.7	93.3	92.6	93.5	100.9	95.4	96.2	93.5	92.7
2/8/2026	2:19:43 PM	134150519833331038	0:55:30	45.90	45.97	45.09	45.62	46.08	45.94	45.51	45.84	45.40	45.50	45.89	45.97	45.68	45.85	45.84	45.82	45.91	45.96	45.88	45.41	45.77	45.73	45.89	45.96	85813	80374	80387	84699	74996	74308	74482	81880	80390	81615	70746	70949	72952	76565	81414	77245	67648	60964	70532	70389	75634	70938	70533	61358	93.3	92.3	105.7	97.5	90.6	92.7	99.2	94.2	100.9	99.4	93.5	92.3	96.6	94.1	94.2	94.5	93.2	92.4	93.6	100.7	95.3	95.9	93.5	92.4
